sample	cohort	locus	allele1	allele2	subtypes1	subtypes2	reads	aligned	to_allele1	to_allele2	tied	assignable_pct	balance	informative_per_allele
B001	brca	HLA-B	B*07:02	B*35:01	212	149	6101	501	123	80	298	40.5	0.65	80
B002	brca	HLA-A	A*30:01	A*31:01	46	105	6435	574	235	119	220	61.7	0.506	119
B003	brca	HLA-A	A*68:01	A*02:33	105	2	5082	235	36	8	191	18.7	0.222	8
B004	brca	HLA-A	A*02:01	A*32:01	410	92	6403	313	47	60	206	34.2	0.783	47
B005	brca	HLA-A	A*02:01	A*68:01	410	105	5443	275	28	39	208	24.4	0.718	28
B006	brca	HLA-A	A*01:01	A*68:01	241	105	5525	408	168	83	157	61.5	0.494	83
B007	brca	HLA-A	A*02:01	A*23:01	410	62	4420	198	55	77	66	66.7	0.714	55
B008	brca	HLA-A	A*02:01	A*11:01	410	173	4858	334	42	138	154	53.9	0.304	42
B009	brca	HLA-B	B*15:02	B*15:32	17	2	6211	362	22	15	325	10.2	0.682	15
B010	brca	HLA-C	C*02:02	C*07:04	143	46	5951	474	64	276	134	71.7	0.232	64
B011	brca	HLA-A	A*23:01	A*24:02	62	265	3449	156	28	0	128	17.9	0.0	0
B012	brca	HLA-A	A*23:01	A*33:01	62	34	4976	315	50	86	179	43.2	0.581	50
B013	brca	HLA-A	A*02:01	A*23:01	410	62	4461	187	58	54	75	59.9	0.931	54
B014	brca	HLA-A	A*11:01	A*23:01	173	62	5009	345	169	56	120	65.2	0.331	56
B015	brca	HLA-A	A*30:01	A*30:02	46	41	8070	840	40	12	788	6.2	0.3	12
B016	brca	HLA-A	A*02:01	A*31:01	410	105	5390	337	76	76	185	45.1	1.0	76
B017	brca	HLA-A	A*02:01	A*30:01	410	46	7028	606	101	243	262	56.8	0.416	101
B018	brca	HLA-C	C*07:01	C*16:01	268	83	5496	439	227	98	114	74.0	0.432	98
B019	brca	HLA-A	A*02:24	A*32:01	6	92	4597	268	21	81	166	38.1	0.259	21
B020	brca	HLA-B	B*52:01	B*81:01	75	9	6075	496	78	190	228	54.0	0.411	78
O001	ov	HLA-B	B*08:01	B*44:02	147	162	6111	402	74	44	284	29.4	0.595	44
O002	ov	HLA-B	B*08:01	B*57:01	147	74	5727	406	98	64	244	39.9	0.653	64
O003	ov	HLA-A	A*30:02	A*80:01	41	4	5480	563	288	164	111	80.3	0.569	164
O004	ov	HLA-A	A*33:03	A*68:01	72	105	5858	451	101	107	243	46.1	0.944	101
O005	ov	HLA-A	A*02:01	A*24:02	410	265	5939	219	55	48	116	47.0	0.873	48
O006	ov	HLA-B	B*14:02	B*51:01	60	212	7684	533	96	76	361	32.3	0.792	76
O007	ov	HLA-B	B*14:02	B*39:05	60	8	5897	390	17	34	339	13.1	0.5	17
O008	ov	HLA-B	B*07:02	B*38:02	212	18	6546	502	125	39	338	32.7	0.312	39
O009	ov	HLA-B	B*13:02	B*51:01	72	212	5758	451	66	49	336	25.5	0.742	49
O010	ov	HLA-A	A*11:01	A*32:01	173	92	6064	487	218	89	180	63.0	0.408	89
O011	ov	HLA-A	A*03:02	A*23:01	11	62	5506	392	220	24	148	62.2	0.109	24
O012	ov	HLA-A	A*02:01	A*11:01	410	173	5353	378	48	143	187	50.5	0.336	48
O013	ov	HLA-A	A*23:01	A*68:01	62	105	4769	221	40	58	123	44.3	0.69	40
O014	ov	HLA-A	A*25:01	A*29:02	28	76	5109	243	29	39	175	28.0	0.744	29
O015	ov	HLA-A	A*33:03	A*68:01	72	105	6853	489	119	89	281	42.5	0.748	89
O016	ov	HLA-A	A*30:01	A*33:03	46	72	5726	383	82	109	192	49.9	0.752	82
O017	ov	HLA-A	A*23:01	A*29:02	62	76	4001	205	61	54	90	56.1	0.885	54
O018	ov	HLA-B	B*35:01	B*44:02	149	162	5083	326	82	47	197	39.6	0.573	47
O019	ov	HLA-A	A*33:01	A*36:01	34	5	6380	562	87	185	290	48.4	0.47	87
O020	ov	HLA-A	A*02:01	A*68:08	410	3	5588	244	63	11	170	30.3	0.175	11
