sample	backbone	our_pop	our_super	ref_pop	ref_region	found	pop_agrees	region_agrees
B001	HG01958	ACB	AFR	ACB	AFR	True	True	True
B002	HG02485	ACB	AFR	ACB	AFR	True	True	True
B003	HG00132	GBR	EUR	GBR	EUR	True	True	True
B004	HG01089	PUR	AMR	PUR	AMR	True	True	True
B005	HG00285	FIN	EUR	FIN	EUR	True	True	True
B006	NA20888	GIH	SAS	GIH	SAS	True	True	True
B007	NA19059	JPT	EAS	JPT	EAS	True	True	True
B008	HG00259	GBR	EUR	GBR	EUR	True	True	True
B009	HG03805	BEB	SAS	BEB	SAS	True	True	True
B010	HG01080	PUR	AMR	PUR	AMR	True	True	True
B011	HG02775	PJL	SAS	PJL	SAS	True	True	True
B012	HG02144	ACB	AFR	ACB	AFR	True	True	True
B013	HG02661	PJL	SAS	PJL	SAS	True	True	True
B014	NA18582	CHB	EAS	CHB	EAS	True	True	True
B015	NA20289	ASW	AFR	ASW	AFR	True	True	True
B016	NA19779	MXL	AMR	MXL	AMR	True	True	True
B017	HG03212	MSL	AFR	MSL	AFR	True	True	True
B018	HG02339	ACB	AFR	ACB	AFR	True	True	True
B019	NA20505	TSI	EUR	TSI	EUR	True	True	True
B020	NA18579	CHB	EAS	CHB	EAS	True	True	True
O001	HG00327	FIN	EUR	FIN	EUR	True	True	True
O002	HG02778	PJL	SAS	PJL	SAS	True	True	True
O003	HG01702	IBS	EUR	IBS	EUR	True	True	True
O004	HG03772	ITU	SAS	ITU	SAS	True	True	True
O005	HG01378	CLM	AMR	CLM	AMR	True	True	True
O006	HG01248	PUR	AMR	PUR	AMR	True	True	True
O007	HG01441	CLM	AMR	CLM	AMR	True	True	True
O008	HG01847	KHV	EAS	KHV	EAS	True	True	True
O009	HG00171	FIN	EUR	FIN	EUR	True	True	True
O010	HG04054	ITU	SAS	ITU	SAS	True	True	True
O011	HG03741	STU	SAS	STU	SAS	True	True	True
O012	NA18552	CHB	EAS	CHB	EAS	True	True	True
O013	HG01058	PUR	AMR	PUR	AMR	True	True	True
O014	HG01516	IBS	EUR	IBS	EUR	True	True	True
O015	HG03595	BEB	SAS	BEB	SAS	True	True	True
O016	HG03488	PJL	SAS	PJL	SAS	True	True	True
O017	HG00130	GBR	EUR	GBR	EUR	True	True	True
O018	NA20531	TSI	EUR	TSI	EUR	True	True	True
O019	HG02555	ACB	AFR	ACB	AFR	True	True	True
O020	HG00543	CHS	EAS	CHS	EAS	True	True	True
