sample	chrom	pos	type	gene	target_vaf	observed_vaf	depth	support	found	called_at	offset	bin
B001	chr5	26885836	DEL	CDH9	0.2	0.2	30	6	True	26885836.0	0.0	20-30%
B002	chr10	8069533	DEL	GATA3	0.36	0.25	16	4	True	8069533.0	0.0	>30%
B002	chr10	87958013	DEL	PTEN	0.3333	0.3125	32	10	True	87958012.0	-1.0	>30%
B002	chr15	63698855	DEL	HERC1	0.4675	0.4583333333333333	24	11	True	63698855.0	0.0	>30%
B002	chr16	68801877	INS	CDH1	0.5915	0.5277777777777778	36	19	True	68801877.0	0.0	>30%
B002	chr17	11834688	INS	DNAH9	0.2879	0.21875	32	7	True	11834688.0	0.0	20-30%
B002	chr1	26774768	DEL	ARID1A	0.3942	0.2758620689655172	29	8	True	26774768.0	0.0	>30%
B002	chr1	26774995	DEL	ARID1A	0.2947	0.2666666666666666	30	8	True	26774994.0	-1.0	20-30%
B002	chr2	165308690	DEL	SCN2A	0.2752	0.2142857142857142	28	6	True	165308689.0	-1.0	20-30%
B002	chr2	224874130	INS	DOCK10	0.3269	0.2941176470588235	34	10	False			>30%
B002	chr7	82760739	DEL	PCLO	0.2606	0.2083333333333333	24	5	True	82760738.0	-1.0	20-30%
B002	chrX	12683512	DEL	FRMPD4	0.3368	0.3333333333333333	27	9	True	12683511.0	-1.0	>30%
B003	chr10	53806811	INS	PCDH15	0.3098	0.2727272727272727	33	9	True	53806811.0	0.0	>30%
B003	chr11	92355013	DEL	FAT3	0.3068	0.2580645161290322	31	8	True	92355012.0	-1.0	>30%
B003	chr15	43521548	INS	MAP1A	0.2986	0.2631578947368421	38	10	True	43521548.0	0.0	20-30%
B003	chr17	31265318	DEL	NF1	0.3875	0.3666666666666666	30	11	True	31265317.0	-1.0	>30%
B003	chr18	76927339	DEL	ZNF236	0.5	0.4375	32	14	True	76927338.0	-1.0	>30%
B003	chr19	48874229	DEL	PPP1R15A	0.3839	0.3703703703703703	27	10	True	48874228.0	-1.0	>30%
B003	chr19	50435166	DEL	MYBPC2	0.4091	0.3555555555555555	45	16	True	50435165.0	-1.0	>30%
B003	chr1	186113995	DEL	HMCN1	0.1768	0.15625	32	5	False			10-20%
B003	chr2	140501838	DEL	LRP1B	0.319	0.2857142857142857	21	6	True	140501837.0	-1.0	>30%
B003	chr2	71612667	DEL	DYSF	0.36	0.2894736842105263	38	11	True	71612666.0	-1.0	>30%
B003	chr5	16694504	INS	MYO10	0.3014	0.2631578947368421	38	10	True	16694504.0	0.0	>30%
B003	chrX	41196601	DEL	USP9X	0.4172	0.3870967741935484	31	12	True	41196601.0	0.0	>30%
B003	chrX	77684364	DEL	ATRX	0.3455	0.3243243243243243	37	12	True	77684363.0	-1.0	>30%
B004	chr12	101043546	DEL	ANO4	0.1512	0.1489361702127659	47	7	True	101043546.0	0.0	10-20%
B004	chr12	101094263	DEL	ANO4	0.1058	0.0980392156862745	51	5	True	101094262.0	-1.0	10-20%
B004	chr17	7674209	DEL	TP53	0.4943	0.4418604651162791	43	19	True	7674208.0	-1.0	>30%
B004	chr18	5443848	DEL	EPB41L3	0.125	0.1111111111111111	36	4	False			10-20%
B004	chr1	213996656	DEL	PROX1	0.1293	0.1219512195121951	41	5	True	213996655.0	-1.0	10-20%
B004	chr2	169270926	DEL	LRP2	0.1818	0.1276595744680851	47	6	True	169270925.0	-1.0	10-20%
B004	chr6	38860459	DEL	DNAH8	0.1074	0.0980392156862745	51	5	False			10-20%
B004	chr7	82953628	DEL	PCLO	0.2188	0.2083333333333333	24	5	False			20-30%
B006	chr11	62521855	DEL	AHNAK	0.1333	0.0869565217391304	23	2	False			10-20%
B007	chr15	86264596	DEL	AGBL1	0.2979	0.28125	32	9	True	86264595.0	-1.0	20-30%
B007	chr16	68828197	DEL	CDH1	0.2571	0.1714285714285714	35	6	True	68828197.0	0.0	20-30%
B008	chrX	118671083	DEL	DOCK11	0.3	0.2285714285714285	35	8	True	118671083.0	0.0	>30%
B011	chr17	10445333	DEL	MYH4	0.1464	0.1428571428571428	35	5	True	10445333.0	0.0	10-20%
B012	chr16	68738354	DEL	CDH1	0.6364	0.5483870967741935	31	17	True	68738354.0	0.0	>30%
B012	chr5	56859778	DEL	MAP3K1	0.4561	0.3793103448275862	29	11	True	56859777.0	-1.0	>30%
B013	chr2	178576381	DEL	TTN	0.2118	0.1785714285714285	28	5	True	178576381.0	0.0	20-30%
B013	chr2	29209804	DEL	ALK	0.2039	0.1351351351351351	37	5	True	29209804.0	0.0	20-30%
B014	chr17	7674248	INS	TP53	0.3151	0.3	40	12	True	7674248.0	0.0	>30%
B014	chr1	148960759	DEL	PDE4DIP	0.145	0.0869565217391304	23	2	False			10-20%
B016	chr19	8965020	DEL	MUC16	0.1182	0.0666666666666666	30	2	True	8965020.0	0.0	10-20%
B016	chr6	152330134	DEL	SYNE1	0.25	0.1034482758620689	29	3	True	152330134.0	0.0	20-30%
B017	chr10	8073889	DEL	GATA3	0.3548	0.3333333333333333	30	10	True	8073889.0	0.0	>30%
B018	chr16	68822164	INS	CDH1	0.6111	0.5185185185185185	27	14	True	68822164.0	0.0	>30%
B018	chr21	34880583	INS	RUNX1	0.4624	0.28	25	7	True	34880583.0	0.0	>30%
B018	chr21	34880697	INS	RUNX1	0.1667	0.125	32	4	True	34880697.0	0.0	10-20%
B019	chr13	48381396	DEL	RB1	0.2011	0.1764705882352941	34	6	True	48381396.0	0.0	20-30%
B020	chr10	8069554	INS	GATA3	0.0795	0.0857142857142857	35	3	False			<10%
B020	chr16	30707284	INS	SRCAP	0.2188	0.2058823529411764	34	7	True	30707284.0	0.0	20-30%
B020	chr6	160731147	INS	PLG	0.1159	0.0606060606060606	33	2	False			10-20%
O002	chr22	36300866	DEL	MYH9	0.25	0.1935483870967742	31	6	True	36300865.0	-1.0	20-30%
O002	chr3	151437598	DEL	IGSF10	0.0855	0.0625	32	2	True	151437598.0	0.0	<10%
O004	chr17	7676003	DEL	TP53	0.5072	0.4827586206896552	29	14	True	7676003.0	0.0	>30%
O004	chr1	213997529	DEL	PROX1	0.1767	0.1470588235294117	34	5	True	213997529.0	0.0	10-20%
O006	chr11	30011710	DEL	KCNA4	0.0969	0.088235294117647	34	3	False			<10%
O006	chr14	21327651	DEL	RPGRIP1	0.1624	0.1428571428571428	42	6	True	21327650.0	-1.0	10-20%
O006	chr17	40412955	DEL	TOP2A	0.8283	0.7962962962962963	54	43	True	40412955.0	0.0	>30%
O008	chr17	7675192	DEL	TP53	0.3731	0.35	40	14	True	7675191.0	-1.0	>30%
O011	chr11	62528395	DEL	AHNAK	0.1131	0.0689655172413793	29	2	True	62528395.0	0.0	10-20%
O011	chr19	8973882	DEL	MUC16	0.5	0.3548387096774194	31	11	True	8973882.0	0.0	>30%
O012	chr13	32338571	DEL	BRCA2	0.6042	0.5454545454545454	33	18	True	32338571.0	0.0	>30%
O013	chr1	197133497	DEL	ASPM	0.12	0.125	24	3	True	197133497.0	0.0	10-20%
O014	chr17	7674281	INS	TP53	0.5691	0.4814814814814814	27	13	True	7674281.0	0.0	>30%
O015	chr12	124912597	DEL	UBC	0.1156	0.0869565217391304	46	4	False			10-20%
O015	chr12	124913415	DEL	UBC	0.125	0.0666666666666666	45	3	False			10-20%
O015	chr8	142912629	INS	CYP11B2	0.1067	0.1	50	5	True	142912629.0	0.0	10-20%
O016	chr16	18834944	DEL	SMG1	0.5309	0.46	50	23	True	18834944.0	0.0	>30%
O017	chr17	7670712	DEL	TP53	0.5915	0.5151515151515151	33	17	True	7670711.0	-1.0	>30%
O017	chr1	148965622	DEL	PDE4DIP	0.1155	0.1428571428571428	28	4	False			10-20%
O017	chr7	111790546	DEL	DOCK4	0.2885	0.2692307692307692	26	7	True	111790545.0	-1.0	20-30%
O018	chr17	7676001	INS	TP53	0.7052	0.65625	32	21	True	7676001.0	0.0	>30%
