sample	cohort	locus	is_target	allele1	allele2	cn1	cn2	pval	pval_unique	sites	loss_allele	detected
B002	brca	HLA-A	True	hla_a_30_01_01_01	hla_a_31_01_02_01	0.586832261466586	0.469465809173268			1	hla_a_30_01_01_01	False
B003	brca	HLA-B	False	hla_b_35_01_01_01	hla_b_44_02_01_01					0		False
B005	brca	HLA-A	True	hla_a_02_01_01_01	hla_a_68_01_01_01					0		False
B006	brca	HLA-A	True	hla_a_01_01_01_01	hla_a_68_01_01_01	0.564156199716418	0.17924955689538	0.74236332867525	0.247102773281364	7	hla_a_01_01_01_01	False
B008	brca	HLA-A	True	hla_a_02_01_01_01	hla_a_11_01_01_01					0		False
B010	brca	HLA-C	True	hla_c_02_02_02_01	hla_c_07_04_01_01	0.417023267361991	0.349198227098608	0.0195129221484356	0.171652952157507	32	hla_c_07_04_01_01	True
B012	brca	HLA-A	True	hla_a_23_01_01_01	hla_a_33_01_01_01					0		False
B013	brca	HLA-A	True	hla_a_02_01_01_01	hla_a_23_01_01_01	0.356475134537418	0.59412522422903			1	hla_a_02_01_01_01	False
B014	brca	HLA-A	True	hla_a_11_01_01_01	hla_a_23_01_01_01	0.767257465297103	0.236079220091416	0.0021539736926216	0.528612995480075	5	hla_a_11_01_01_01	True
B018	brca	HLA-C	True	hla_c_07_01_01_01	hla_c_16_01_01_01	0.3009891195984	0.461811737423035	0.0121735146224493	0.749061120380239	33	hla_c_07_01_01_01	True
B019	brca	HLA-B	False	hla_b_35_01_01_01	hla_b_57_01_01_01					0		False
B019	brca	HLA-C	False	hla_c_04_01_01_01	hla_c_06_02_01_01	1.00338472890062	1.00338472890062			1	hla_c_04_01_01_01	False
B020	brca	HLA-B	True	hla_b_52_01_01_01	hla_b_81_01_01_01	0.332211285347249	0.498316928020874	0.0301801487671094	0.214918515346912	9	hla_b_52_01_01_01	True
O001	ov	HLA-B	True	hla_b_08_01_01_01	hla_b_44_02_01_01	0.463209654108327	0.308806436072218	0.781853695835502	0.552033576040915	13	hla_b_08_01_01_01	False
O002	ov	HLA-B	True	hla_b_08_01_01_01	hla_b_57_01_01_01	0.213591500202003	0.299434941235569	0.598349363751461	0.718534201867585	18	hla_b_57_01_01_01	False
O003	ov	HLA-A	True	hla_a_30_02_01_01	hla_a_80_01_01_01	0.484640944094139	0.376041892547289	0.0014044928394817	0.0827237292641322	14	hla_a_30_02_01_01	True
O004	ov	HLA-A	True	hla_a_33_03_01_01	hla_a_68_01_01_01					0		False
O005	ov	HLA-A	True	hla_a_02_01_01_01	hla_a_24_02_01_01	0.488536073623199	0.163794893488828	0.000476169471974	0.556537143097689	5	hla_a_24_02_01_01	True
O005	ov	HLA-B	False	hla_b_18_01_01_01	hla_b_35_10					0		False
O006	ov	HLA-B	True	hla_b_14_02_01_01	hla_b_51_01_01_01	0.594814616561944	0.169947033303412	5.16074134987569e-08	0.35564954339658	19	hla_b_51_01_01_01	True
O010	ov	HLA-A	True	hla_a_11_01_01_01	hla_a_32_01_01_01	0.354193854150844	0.236129236100563	0.0179725736860823	0.974105567413013	15	hla_a_32_01_01_01	True
O011	ov	HLA-A	True	hla_a_03_02_01_01	hla_a_23_01_01_01	0.691486277143426	0.153663617142983	0.0001593455580283	0.905676366318094	5	hla_a_23_01_01_01	True
O012	ov	HLA-A	True	hla_a_02_01_01_01	hla_a_11_01_01_01	0.200653818630573	0.28664831232939	0.617433126295823	0.291559666609883	6	hla_a_11_01_01_01	False
O018	ov	HLA-B	True	hla_b_35_01_01_01	hla_b_44_02_01_01					0		False
O018	ov	HLA-C	False	hla_c_04_01_01_01	hla_c_05_01_01_01	1.01413850442312	0.724384646016514			1	hla_c_05_01_01_01	False
O020	ov	HLA-B	False	hla_b_35_01_01_01	hla_b_46_01_01_01					0		False
