sample	cohort	donor	donor_mutations	nonsyn	vaf_filtered	in_panel	pct_captured	genes_hit	injected
B001	brca	TCGA-AC-A23H-01	6416	4134	4119	342	8.3	186	342
B002	brca	TCGA-A8-A09Z-01	1718	1071	1057	103	9.7	88	103
B003	brca	TCGA-BH-A18G-01	1922	1232	1161	84	7.2	70	84
B004	brca	TCGA-D8-A1XQ-01	1179	783	770	66	8.6	59	66
B005	brca	TCGA-AO-A03M-01	1151	734	715	52	7.3	42	52
B006	brca	TCGA-AO-A128-01	1263	815	811	50	6.2	45	50
B007	brca	TCGA-AC-A5XS-01	727	391	390	49	12.6	41	49
B008	brca	TCGA-3C-AALI-01	823	443	433	42	9.7	40	42
B009	brca	TCGA-AR-A24Q-01	244	161	159	29	18.2	25	29
B010	brca	TCGA-BH-A0DZ-01	400	217	206	25	12.1	25	25
B011	brca	TCGA-A1-A0SO-01	386	267	248	25	10.1	24	25
B012	brca	TCGA-BH-A18P-01	446	271	264	26	9.8	23	26
B013	brca	TCGA-A2-A0T0-01	239	165	163	22	13.5	19	22
B014	brca	TCGA-A8-A08R-01	347	224	184	20	10.9	17	20
B015	brca	TCGA-A2-A0CX-01	370	242	227	17	7.5	16	17
B016	brca	TCGA-BH-A0BZ-01	331	238	235	21	8.9	19	21
B017	brca	TCGA-A2-A25B-01	144	97	93	17	18.3	15	17
B018	brca	TCGA-C8-A274-01	297	187	181	19	10.5	17	19
B019	brca	TCGA-E2-A159-01	203	127	126	16	12.7	15	16
B020	brca	TCGA-AC-A5EH-01	213	127	127	18	14.2	18	18
O001	ov	TCGA-09-2044-01	2925	1844	1844	174	9.4	125	174
O002	ov	TCGA-13-0920-01	386	270	229	36	15.7	33	36
O003	ov	TCGA-24-1469-01	342	219	194	27	13.9	26	27
O004	ov	TCGA-29-1761-01	267	178	166	26	15.7	24	26
O005	ov	TCGA-13-0807-01	454	283	243	24	9.9	19	24
O006	ov	TCGA-25-1313-01	255	175	161	25	15.5	25	25
O007	ov	TCGA-24-1422-01	242	164	148	20	13.5	20	20
O008	ov	TCGA-59-2351-01	156	115	100	21	21.0	21	21
O009	ov	TCGA-61-2012-01	205	145	127	18	14.2	17	18
O010	ov	TCGA-09-2050-01	164	105	101	18	17.8	16	18
O011	ov	TCGA-24-1845-01	253	174	165	20	12.1	19	20
O012	ov	TCGA-13-0885-01	260	176	166	19	11.4	16	19
O013	ov	TCGA-23-1022-01	281	202	184	19	10.3	17	19
O014	ov	TCGA-29-1691-01	277	200	187	18	9.6	18	18
O015	ov	TCGA-13-0800-01	184	114	107	20	18.7	9	20
O016	ov	TCGA-24-1844-01	220	151	146	18	12.3	18	18
O017	ov	TCGA-13-1497-01	198	142	131	19	14.5	19	19
O018	ov	TCGA-29-1783-01	102	73	67	16	23.9	10	16
O019	ov	TCGA-25-2397-01	180	120	119	15	12.6	14	15
O020	ov	TCGA-29-1777-01	191	125	115	15	13.0	14	15
