sample	cohort	expected_mut	normal_bam	normal_MB	tumor_bam	tumor_MB	injected	median_VAF	usable	usable_%	vcf_records	vcf_PASS	recall_%	hla	n_alleles	hla_reads	het_loci	mhcflurry_mut	mhcflurry_strong	loh_bam	lohhla_runs	pvac_all	pvac_filtered	lohhla_pval	lohhla_CN	lohhla_sites
B001	brca	340	ok	326.0	ok	323.0	342	0.22	320	93.6	683	290	85.3	A*02:02 A*02:02 B*07:02 B*35:01 C*04:01 C*15:05	6	122.0	BC	294	433	ok	0	49690	3			
B002	brca	90	ok	323.0	ok	319.0	103	0.38	85	82.5	472	81	87.9	A*30:01 A*31:01 B*42:01 B*51:01 C*17:01 C*17:01	6	120.0	AB	76	74	ok	1	13510	0		0.59/0.47	1.0
B003	brca	70	ok	315.0	ok	312.0	84	0.344	68	81.0	404	60	85.7	A*68:01 A*02:33 B*35:01 B*44:02 C*04:01 C*05:01	6	34.0	ABC	63	78	ok	1	12540	0			0.0
B004	brca	58	ok	438.0	ok	434.0	66	0.157	53	80.3	901	42	72.4	A*02:01 A*32:01 B*40:02 B*57:01 C*02:02 C*06:02	6	112.0	ABC	46	87	ok	0	8208	7			
B005	brca	52	ok	351.0	ok	347.0	52	0.116	51	98.1	476	24	46.2	A*02:01 A*68:01 B*15:01 B*40:01	4	80.0	AB	47	55	ok	1	3496	1			0.0
B006	brca	49	ok	343.0	ok	339.0	50	0.135	45	90.0	551	35	71.4	A*01:01 A*68:01 B*57:01 B*40:06 C*06:02 C*15:02	6	136.0	ABC	43	73	ok	1	6900	2	0.7424	0.56/0.18	7.0
B007	brca	47	ok	343.0	ok	339.0	49	0.222	41	83.7	572	34	72.3	A*02:01 A*23:01 B*46:01 B*52:01 C*01:02 C*12:02	6	46.0	ABC	43	55	ok	0	7068	2			
B008	brca	40	ok	319.0	ok	315.0	42	0.226	38	90.5	372	30	75.0	A*02:01 A*11:01 B*13:02 B*40:01 C*06:02 C*06:02	6	106.0	AB	34	45	ok	1	4560	0			0.0
B009	brca	29	ok	355.0	ok	351.0	29	0.229	28	96.6	364	21	72.4	A*11:01 A*11:01 B*15:02 B*15:32 C*12:03 C*08:21	6	90.0	BC	28	34	ok	0	3800	2			
B010	brca	25	ok	350.0	ok	345.0	25	0.296	25	100.0	451	19	76.0	A*24:02 A*24:02 B*15:03 B*15:03 C*02:02 C*07:04	6	101.0	C	22	26	ok	1	2832	0	0.0195	0.42/0.35	32.0
B011	brca	24	ok	334.0	ok	330.0	25	0.171	23	92.0	192	15	62.5	A*23:01 A*24:02 B*50:01 B*40:06 C*12:02 C*06:02	6	68.0	ABC	20	20	ok	0	2964	0			
B012	brca	24	ok	305.0	ok	302.0	26	0.259	24	92.3	290	20	83.3	A*23:01 A*33:01 B*57:01 B*78:01 C*06:02 C*16:01	6	82.0	ABC	20	35	ok	1	4104	0			0.0
B013	brca	20	ok	325.0	ok	321.0	22	0.285	17	77.3	312	16	80.0	A*02:01 A*23:01 B*08:01 B*35:03 C*07:02 C*07:02	6	120.0	AB	15	16	ok	1	2470	0		0.36/0.59	1.0
B014	brca	18	ok	339.0	ok	335.0	20	0.195	15	75.0	250	8	44.4	A*11:01 A*23:01 B*40:01 B*52:01 C*07:02 C*12:02	6	188.0	ABC	15	48	ok	1	1368	0	0.0022	0.77/0.24	5.0
B015	brca	17	ok	354.0	ok	349.0	17	0.112	13	76.5	549	6	35.3	A*30:01 A*30:02 B*42:01 B*53:01 C*04:01 C*17:01	6	183.0	ABC	15	26	ok	0	1368	0			
B016	brca	17	ok	298.0	ok	295.0	21	0.174	17	81.0	276	12	70.6	A*02:01 A*31:01 B*44:02 B*51:02	4	47.0	AB	15	11	ok	0	1672	0			
B017	brca	16	ok	332.0	ok	328.0	17	0.164	15	88.2	485	7	43.8	A*02:01 A*30:01 B*44:03 B*45:01 C*12:03 C*16:01	6	94.0	ABC	13	31	ok	0	1368	0			
B018	brca	16	ok	313.0	ok	309.0	19	0.226	16	84.2	172	11	68.8	A*30:02 A*30:02 B*35:01 B*35:01 C*07:01 C*16:01	6	127.0	C	15	8	ok	1	1520	0	0.0122	0.30/0.46	33.0
B019	brca	15	ok	350.0	ok	346.0	16	0.229	13	81.2	238	12	80.0	A*02:24 A*32:01 B*35:01 B*57:01 C*04:01 C*06:02	6	62.0	ABC	13	17	ok	2	2280	0			0.0
B020	brca	15	ok	346.0	ok	341.0	18	0.225	14	77.8	257	11	73.3	A*11:01 A*11:01 B*52:01 B*81:01 C*12:02 C*08:21	6	152.0	BC	10	21	ok	1	1710	0	0.0302	0.33/0.50	9.0
O001	ov	174	ok	327.0	ok	322.0	174	0.103	167	96.0	491	120	69.0	A*02:01 A*02:01 B*08:01 B*44:02 C*07:01 C*07:01	6	94.0	B	150	136	ok	1	16516	8	0.7819	0.46/0.31	13.0
O002	ov	34	ok	327.0	ok	323.0	36	0.154	29	80.6	297	17	50.0	A*25:01 A*25:01 B*08:01 B*57:01 C*06:02 C*07:02	6	138.0	BC	31	40	ok	1	2850	0	0.5983	0.21/0.30	18.0
O003	ov	27	ok	318.0	ok	314.0	27	0.123	27	100.0	417	13	48.1	A*30:02 A*80:01 B*18:01 B*44:03 C*05:01 C*05:01	6	96.0	AB	22	26	ok	1	2280	1	0.0014	0.48/0.38	14.0
O004	ov	24	ok	316.0	ok	312.0	26	0.131	24	92.3	378	11	45.8	A*33:03 A*68:01 B*37:01 B*52:01 C*06:02 C*12:02	6	65.0	ABC	22	50	ok	1	2148	1			0.0
O005	ov	24	ok	463.0	ok	458.0	24	0.227	23	95.8	945	15	62.5	A*02:01 A*24:02 B*18:01 B*35:10 C*03:03 C*05:01	6	47.0	ABC	21	42	ok	2	2964	4			0.0
O006	ov	21	ok	424.0	ok	418.0	25	0.254	19	76.0	869	17	81.0	A*03:01 A*03:01 B*14:02 B*51:01 C*15:02 C*15:02	6	140.0	B	18	15	ok	1	2432	2	0.0	0.59/0.17	19.0
O007	ov	20	ok	337.0	ok	333.0	20	0.213	17	85.0	312	15	75.0	A*23:01 A*23:01 B*14:02 B*39:05 C*07:02 C*08:02	6	114.0	BC	19	24	ok	0	2850	0			
O008	ov	19	ok	356.0	ok	352.0	21	0.273	19	90.5	302	17	89.5	A*11:01 A*11:01 B*07:02 B*38:02 C*01:02 C*07:02	6	196.0	BC	14	23	ok	0	2300	2			
O009	ov	18	ok	375.0	ok	371.0	18	0.145	17	94.4	439	12	66.7	A*02:01 A*02:01 B*13:02 B*51:01 C*06:04 C*15:02	6	56.0	BC	16	20	ok	0	2280	0			
O010	ov	18	ok	417.0	ok	412.0	18	0.352	17	94.4	450	14	77.8	A*11:01 A*32:01 B*48:04 B*52:01 C*01:02 C*12:02	6	173.0	ABC	15	24	ok	1	2508	1	0.018	0.35/0.24	15.0
O011	ov	18	ok	359.0	ok	354.0	20	0.266	16	80.0	264	12	66.7	A*03:02 A*23:01 B*07:05 B*35:01 C*15:05 C*15:05	6	207.0	AB	16	29	ok	1	2090	1	0.0002	0.69/0.15	5.0
O012	ov	18	ok	322.0	ok	318.0	19	0.157	16	84.2	353	11	61.1	A*02:01 A*11:01 B*40:02 B*46:01 C*01:02 C*15:02	6	96.0	ABC	16	38	ok	1	2280	0	0.6174	0.20/0.29	6.0
O013	ov	18	ok	335.0	ok	331.0	19	0.302	17	89.5	410	13	72.2	A*23:01 A*68:01 B*51:02 B*82:02 C*05:01 C*06:02	6	46.0	ABC	17	23	ok	0	2736	0			
O014	ov	17	ok	334.0	ok	331.0	18	0.208	16	88.9	421	11	64.7	A*25:01 A*29:02 B*44:03 B*55:01 C*16:01 C*16:01	6	50.0	AB	15	16	ok	0	1900	1			
O015	ov	17	ok	372.0	ok	367.0	20	0.135	16	80.0	886	8	47.1	A*33:03 A*68:01 B*27:05 B*44:03 C*02:02 C*14:02	6	71.0	ABC	12	38	ok	0	1596	0			
O016	ov	17	ok	330.0	ok	326.0	18	0.23	16	88.9	395	13	76.5	A*30:01 A*33:03 B*35:03 B*58:01 C*03:02 C*04:01	6	57.0	ABC	16	10	ok	0	2964	0			
O017	ov	16	ok	321.0	ok	318.0	19	0.533	15	78.9	266	15	93.8	A*23:01 A*29:02 B*15:03 B*44:03 C*16:01 C*02:10	6	54.0	ABC	15	43	ok	0	3420	0			
O018	ov	15	ok	344.0	ok	341.0	16	0.124	15	93.8	186	6	40.0	A*02:26 A*02:26 B*35:01 B*44:02 C*04:01 C*05:01	6	36.0	BC	14	12	ok	2	950	0			0.0
O019	ov	15	ok	343.0	ok	339.0	15	0.115	15	100.0	609	8	53.3	A*33:01 A*36:01 B*15:03 B*53:08	4	57.0	AB	11	15	ok	0	912	0			
O020	ov	15	ok	368.0	ok	364.0	15	0.373	15	100.0	639	14	93.3	A*02:01 A*68:08 B*35:01 B*46:01 C*01:02 C*01:02	6	42.0	AB	12	13	ok	1	1900	0			0.0
