sample	cohort	mhcflurry_only	shared	netmhcpan_only	jaccard
B001	brca	26	87	16	0.6744186046511628
B002	brca	10	22	13	0.4888888888888889
B003	brca	12	22	7	0.5365853658536586
B004	brca	7	16	5	0.5714285714285714
B005	brca	16	9	3	0.32142857142857145
B006	brca	9	18	5	0.5625
B007	brca	11	11	1	0.4782608695652174
B008	brca	8	11	2	0.5238095238095238
B009	brca	5	8	0	0.6153846153846154
B010	brca	4	6	5	0.4
B011	brca	6	2	2	0.2
B012	brca	5	7	5	0.4117647058823529
B013	brca	4	5	2	0.45454545454545453
B014	brca	6	4	1	0.36363636363636365
B015	brca	8	2	2	0.16666666666666666
B016	brca	2	4	0	0.6666666666666666
B017	brca	6	2	0	0.25
B018	brca	3	4	1	0.5
B019	brca	1	5	2	0.625
B020	brca	6	2	1	0.2222222222222222
O001	ov	31	34	12	0.44155844155844154
O002	ov	11	7	0	0.3888888888888889
O003	ov	5	3	1	0.3333333333333333
O004	ov	10	5	1	0.3125
O005	ov	6	7	0	0.5384615384615384
O006	ov	2	5	3	0.5
O007	ov	1	7	2	0.7
O008	ov	2	7	2	0.6363636363636364
O009	ov	4	5	3	0.4166666666666667
O010	ov	4	4	1	0.4444444444444444
O011	ov	5	4	0	0.4444444444444444
O012	ov	2	7	1	0.7
O013	ov	5	3	3	0.2727272727272727
O014	ov	3	3	1	0.42857142857142855
O015	ov	1	5	0	0.8333333333333334
O016	ov	2	6	3	0.5454545454545454
O017	ov	4	9	1	0.6428571428571429
O018	ov	3	2	0	0.4
O019	ov	4	2	1	0.2857142857142857
O020	ov	3	4	0	0.5714285714285714
