sample	backbone	pop	in_reference	A_called	A_truth	A_correct	A_n_called	A_n_truth	A_bucket	B_called	B_truth	B_correct	B_n_called	B_n_truth	B_bucket	C_called	C_truth	C_correct	C_n_called	C_n_truth	C_bucket
B001	HG01958	AFR	True	02:02/02:02	02:01/66:01	0	2	2	both wrong	07:02/35:01	07:02/35:01	2	2	2	both correct	04:01/15:05	04:01/15:05	2	2	2	both correct
B002	HG02485	AFR	True	30:01/31:01	30:01/31:01	2	2	2	both correct	42:01/51:01	42:01/51:01	2	2	2	both correct	17:01/17:01	15:02/17:01	1	2	2	one correct, one wrong
B003	HG00132	EUR	True	02:33/68:01	02:01/68:01	1	2	2	one correct, one wrong	35:01/44:02	35:03/44:02	1	2	2	one correct, one wrong	04:01/05:01	04:01/05:01	2	2	2	both correct
B004	HG01089	AMR	True	02:01/32:01	02:01/32:01	2	2	2	both correct	40:02/57:01	40:02/57:01	2	2	2	both correct	02:02/06:02	02:02/06:02	2	2	2	both correct
B005	HG00285	EUR	True	02:01/68:01	02:01/68:01	2	2	2	both correct	15:01/40:01	15:01/40:01	2	2	2	both correct		03:04/03:04	0	0	2	not called
B006	NA20888	SAS	True	01:01/68:01	01:01/68:01	2	2	2	both correct	40:06/57:01	40:06/57:01	2	2	2	both correct	06:02/15:02	06:02/15:02	2	2	2	both correct
B007	NA19059	EAS	True	02:01/23:01	02:06/24:02	0	2	2	both wrong	46:01/52:01	46:01/52:01	2	2	2	both correct	01:02/12:02	01:02/12:02	2	2	2	both correct
B008	HG00259	EUR	True	02:01/11:01	02:01/11:01	2	2	2	both correct	13:02/40:01	13:02/40:01	2	2	2	both correct	06:02/06:02	03:04/06:02	1	2	2	one correct, one wrong
B009	HG03805	SAS	True	11:01/11:01	11:01/11:01	2	2	2	both correct	15:02/15:32	15:02/15:32	2	2	2	both correct	08:21/12:03	08:01/12:03	1	2	2	one correct, one wrong
B010	HG01080	AMR	True	24:02/24:02	23:17/24:02	1	2	2	one correct, one wrong	15:03/15:03	15:03/15:18	1	2	2	one correct, one wrong	02:02/07:04	02:10/07:04	1	2	2	one correct, one wrong
B011	HG02775	SAS	True	23:01/24:02	23:01/23:17	1	2	2	one correct, one wrong	40:06/50:01	40:06/50:01	2	2	2	both correct	06:02/12:02	06:02/12:02	2	2	2	both correct
B012	HG02144	AFR	True	23:01/33:01	24:02/33:01	1	2	2	one correct, one wrong	57:01/78:01	57:01/78:01	2	2	2	both correct	06:02/16:01	06:02/16:01	2	2	2	both correct
B013	HG02661	SAS	True	02:01/23:01	02:01/24:02	1	2	2	one correct, one wrong	08:01/35:03	08:01/35:03	2	2	2	both correct	07:02/07:02	04:01/07:02	1	2	2	one correct, one wrong
B014	NA18582	EAS	True	11:01/23:01	11:01/24:02	1	2	2	one correct, one wrong	40:01/52:01	40:01/52:01	2	2	2	both correct	07:02/12:02	07:02/12:02	2	2	2	both correct
B015	NA20289	AFR	True	30:01/30:02	30:01/30:02	2	2	2	both correct	42:01/53:01	42:01/53:01	2	2	2	both correct	04:01/17:01	04:01/17:01	2	2	2	both correct
B016	NA19779	AMR	True	02:01/31:01	02:01/31:01	2	2	2	both correct	44:02/51:02	44:02/51:02	2	2	2	both correct		05:09/08:01	0	0	2	not called
B017	HG03212	AFR	True	02:01/30:01	02:01/30:01	2	2	2	both correct	44:03/45:01	44:03/45:01	2	2	2	both correct	12:03/16:01	12:03/16:01	2	2	2	both correct
B018	HG02339	AFR	True	30:02/30:02	02:01/30:02	1	2	2	one correct, one wrong	35:01/35:01	18:01/35:01	1	2	2	one correct, one wrong	07:01/16:01	07:01/16:01	2	2	2	both correct
B019	NA20505	EUR	True	02:24/32:01	02:01/32:01	1	2	2	one correct, one wrong	35:01/57:01	35:03/57:01	1	2	2	one correct, one wrong	04:01/06:02	04:01/06:02	2	2	2	both correct
B020	NA18579	EAS	True	11:01/11:01	11:01/11:01	2	2	2	both correct	52:01/81:01	52:01/81:02	1	2	2	one correct, one wrong	08:21/12:02	12:02	1	2	1	one correct, one wrong
O001	HG00327	EUR	True	02:01/02:01	02:01/02:01	2	2	2	both correct	08:01/44:02	08:01/44:02	2	2	2	both correct	07:01/07:01	05:01/07:01	1	2	2	one correct, one wrong
O002	HG02778	SAS	True	25:01/25:01	02:11/26:01	0	2	2	both wrong	08:01/57:01	08:01/57:01	2	2	2	both correct	06:02/07:02	06:02/07:02	2	2	2	both correct
O003	HG01702	EUR	True	30:02/80:01	30:02/80:01	2	2	2	both correct	18:01/44:03	18:01/44:03	2	2	2	both correct	05:01/05:01	04:01/05:01	1	2	2	one correct, one wrong
O004	HG03772	SAS	True	33:03/68:01	33:03/68:01	2	2	2	both correct	37:01/52:01	37:01/52:01	2	2	2	both correct	06:02/12:02	06:02/12:02	2	2	2	both correct
O005	HG01378	AMR	True	02:01/24:02	02:01/24:02	2	2	2	both correct	18:01/35:10	18:01/35:10	2	2	2	both correct	03:03/05:01	03:04/05:01	1	2	2	one correct, one wrong
O006	HG01248	AMR	True	03:01/03:01	02:04/03:01	1	2	2	one correct, one wrong	14:02/51:01	14:02/51:01	2	2	2	both correct	15:02/15:02	08:02/15:02	1	2	2	one correct, one wrong
O007	HG01441	AMR	True	23:01/23:01	23:01/24:02	1	2	2	one correct, one wrong	14:02/39:05	14:02/39:05	2	2	2	both correct	07:02/08:02	07:02/08:02	2	2	2	both correct
O008	HG01847	EAS	True	11:01/11:01	02:07/11:01	1	2	2	one correct, one wrong	07:02/38:02	07:02/38:02	2	2	2	both correct	01:02/07:02	01:02/07:02	2	2	2	both correct
O009	HG00171	EUR	True	02:01/02:01	02:01/02:01	2	2	2	both correct	13:02/51:01	13:02/51:01	2	2	2	both correct	06:04/15:02	06:02/15:02	1	2	2	one correct, one wrong
O010	HG04054	SAS	True	11:01/32:01	11:01/32:01	2	2	2	both correct	48:04/52:01	48:04/52:01	2	2	2	both correct	01:02/12:02	01:02/12:02	2	2	2	both correct
O011	HG03741	SAS	True	03:02/23:01	03:02/24:02	1	2	2	one correct, one wrong	07:05/35:01	07:05/35:01	2	2	2	both correct	15:05/15:05	04:01/15:05	1	2	2	one correct, one wrong
O012	NA18552	EAS	True	02:01/11:01	11:01	1	2	1	one correct, one wrong	40:02/46:01	40:02/46:01	2	2	2	both correct	01:02/15:02	01:02/15:02	2	2	2	both correct
O013	HG01058	AMR	True	23:01/68:01	23:01/68:01	2	2	2	both correct	51:02/82:02	45:01/50:01	0	2	2	both wrong	05:01/06:02	05:01/06:02	2	2	2	both correct
O014	HG01516	EUR	True	25:01/29:02	26:01/29:02	1	2	2	one correct, one wrong	44:03/55:01	44:03/55:01	2	2	2	both correct	16:01/16:01	03:03/16:01	1	2	2	one correct, one wrong
O015	HG03595	SAS	True	33:03/68:01	33:03/68:01	2	2	2	both correct	27:05/44:03	27:05/44:03	2	2	2	both correct	02:02/14:02	02:02/14:02	2	2	2	both correct
O016	HG03488	SAS	True	30:01/33:03	02:01/33:03	1	2	2	one correct, one wrong	35:03/58:01	35:03/58:01	2	2	2	both correct	03:02/04:01	03:02/04:01	2	2	2	both correct
O017	HG00130	EUR	True	23:01/29:02	23:01/29:02	2	2	2	both correct	15:03/44:03	15:03/44:03	2	2	2	both correct	02:10/16:01	02:10/16:01	2	2	2	both correct
O018	NA20531	EUR	True	02:26/02:26	02:01/02:01	0	2	2	both wrong	35:01/44:02	35:01/44:02	2	2	2	both correct	04:01/05:01	04:01/05:01	2	2	2	both correct
O019	HG02555	AFR	True	33:01/36:01	33:01/36:01	2	2	2	both correct	15:03/53:08	15:18/53:01	0	2	2	both wrong		03:04/04:01	0	0	2	not called
O020	HG00543	EAS	True	02:01/68:08	02:07/26:01	0	2	2	both wrong	35:01/46:01	35:01/46:01	2	2	2	both correct	01:02/01:02	01:02/03:03	1	2	2	one correct, one wrong
