sample	cohort	locus	role	status	reason	allele1	allele2	cn1	cn2	cn_ratio	pval	sites	detected
B001	brca	HLA-B	TARGET	failed	no locus produced a table								
B001	brca	HLA-C	control	failed	no indels for the edit-distance step								
B002	brca	HLA-A	TARGET	ok		a_30_01_01_01	a_31_01_02_01	0.586832261466586	0.469465809173268	0.7999999999999987		1.0	False
B002	brca	HLA-B	control	failed	no positions distinguishing the alleles								
B003	brca	HLA-A	TARGET	failed	no locus produced a table								
B003	brca	HLA-B	control	ok		b_35_01_01_01	b_44_02_01_01					0.0	False
B003	brca	HLA-C	control	failed	no positions distinguishing the alleles								
B004	brca	HLA-A	TARGET	failed	no indels for the edit-distance step								
B004	brca	HLA-B	control	failed	no indels for the edit-distance step								
B004	brca	HLA-C	control	failed	no indels for the edit-distance step								
B005	brca	HLA-A	TARGET	ok		a_02_01_01_01	a_68_01_01_01					0.0	False
B005	brca	HLA-B	control	failed	no positions distinguishing the alleles								
B006	brca	HLA-A	TARGET	ok		a_01_01_01_01	a_68_01_01_01	0.564156199716418	0.17924955689538	0.3177303679113739	0.74236332867525	7.0	False
B006	brca	HLA-B	control	failed	no positions distinguishing the alleles								
B006	brca	HLA-C	control	failed	no indels for the edit-distance step								
B007	brca	HLA-A	TARGET	failed	no locus produced a table								
B007	brca	HLA-B	control	failed	no positions distinguishing the alleles								
B007	brca	HLA-C	control	failed	no indels for the edit-distance step								
B008	brca	HLA-A	TARGET	ok		a_02_01_01_01	a_11_01_01_01					0.0	False
B008	brca	HLA-B	control	failed	no positions distinguishing the alleles								
B009	brca	HLA-B	TARGET	failed	no indels for the edit-distance step								
B009	brca	HLA-C	control	failed	no indels for the edit-distance step								
B010	brca	HLA-C	TARGET	ok		c_02_02_02_01	c_07_04_01_01	0.417023267361991	0.349198227098608	0.8373590982286643	0.0195129221484356	32.0	True
B011	brca	HLA-A	TARGET	failed	no indels for the edit-distance step								
B011	brca	HLA-B	control	failed	no indels for the edit-distance step								
B011	brca	HLA-C	control	failed	no indels for the edit-distance step								
B012	brca	HLA-A	TARGET	ok		a_23_01_01_01	a_33_01_01_01					0.0	False
B012	brca	HLA-B	control	failed	no indels for the edit-distance step								
B012	brca	HLA-C	control	failed	no indels for the edit-distance step								
B013	brca	HLA-A	TARGET	ok		a_02_01_01_01	a_23_01_01_01	0.356475134537418	0.59412522422903	0.6		1.0	False
B013	brca	HLA-B	control	failed	no positions distinguishing the alleles								
B014	brca	HLA-A	TARGET	ok		a_11_01_01_01	a_23_01_01_01	0.767257465297103	0.236079220091416	0.30769230769230727	0.0021539736926216	5.0	True
B014	brca	HLA-B	control	failed	no positions distinguishing the alleles								
B014	brca	HLA-C	control	failed	no positions distinguishing the alleles								
B015	brca	HLA-A	TARGET	failed	no indels for the edit-distance step								
B015	brca	HLA-B	control	failed	no positions distinguishing the alleles								
B015	brca	HLA-C	control	failed	no positions distinguishing the alleles								
B016	brca	HLA-A	TARGET	failed	no indels for the edit-distance step								
B016	brca	HLA-B	control	failed	no indels for the edit-distance step								
B017	brca	HLA-A	TARGET	failed	no positions distinguishing the alleles								
B017	brca	HLA-B	control	failed	no indels for the edit-distance step								
B017	brca	HLA-C	control	failed	no indels for the edit-distance step								
B018	brca	HLA-C	TARGET	ok		c_07_01_01_01	c_16_01_01_01	0.3009891195984	0.461811737423035	0.651757188498403	0.0121735146224493	33.0	True
B019	brca	HLA-A	TARGET	failed	no locus produced a table								
B019	brca	HLA-B	control	ok		b_35_01_01_01	b_57_01_01_01					0.0	False
B019	brca	HLA-C	control	ok		c_04_01_01_01	c_06_02_01_01	1.00338472890062	1.00338472890062	1.0		1.0	False
B020	brca	HLA-B	TARGET	ok		b_52_01_01_01	b_81_01_01_01	0.332211285347249	0.498316928020874	0.666666666666666	0.0301801487671094	9.0	True
B020	brca	HLA-C	control	failed	no indels for the edit-distance step								
O001	ov	HLA-B	TARGET	ok		b_08_01_01_01	b_44_02_01_01	0.463209654108327	0.308806436072218	0.6666666666666667	0.781853695835502	13.0	False
O002	ov	HLA-B	TARGET	ok		b_08_01_01_01	b_57_01_01_01	0.213591500202003	0.299434941235569	0.7133152173913064	0.598349363751461	18.0	False
O002	ov	HLA-C	control	failed	no positions distinguishing the alleles								
O003	ov	HLA-A	TARGET	ok		a_30_02_01_01	a_80_01_01_01	0.484640944094139	0.376041892547289	0.7759185374858563	0.0014044928394817	14.0	True
O003	ov	HLA-B	control	failed	no positions distinguishing the alleles								
O004	ov	HLA-A	TARGET	ok		a_33_03_01_01	a_68_01_01_01					0.0	False
O004	ov	HLA-B	control	failed	no positions distinguishing the alleles								
O004	ov	HLA-C	control	failed	no indels for the edit-distance step								
O005	ov	HLA-A	TARGET	ok		a_02_01_01_01	a_24_02_01_01	0.488536073623199	0.163794893488828	0.33527696793002987	0.000476169471974	5.0	True
O005	ov	HLA-B	control	ok		b_18_01_01_01	b_35_10					0.0	False
O005	ov	HLA-C	control	failed	no positions distinguishing the alleles								
O006	ov	HLA-B	TARGET	ok		b_14_02_01_01	b_51_01_01_01	0.594814616561944	0.169947033303412	0.28571428571428475	5.16074134987569e-08	19.0	True
O007	ov	HLA-B	TARGET	failed	no indels for the edit-distance step								
O007	ov	HLA-C	control	failed	no positions distinguishing the alleles								
O008	ov	HLA-B	TARGET	failed	no indels for the edit-distance step								
O008	ov	HLA-C	control	failed	no positions distinguishing the alleles								
O009	ov	HLA-B	TARGET	failed	no indels for the edit-distance step								
O009	ov	HLA-C	control	failed	no positions distinguishing the alleles								
O010	ov	HLA-A	TARGET	ok		a_11_01_01_01	a_32_01_01_01	0.354193854150844	0.236129236100563	0.6666666666666676	0.0179725736860823	15.0	True
O010	ov	HLA-B	control	failed	no positions distinguishing the alleles								
O010	ov	HLA-C	control	failed	no indels for the edit-distance step								
O011	ov	HLA-A	TARGET	ok		a_03_02_01_01	a_23_01_01_01	0.691486277143426	0.153663617142983	0.2222222222222214	0.0001593455580283	5.0	True
O011	ov	HLA-B	control	failed	no positions distinguishing the alleles								
O012	ov	HLA-A	TARGET	ok		a_02_01_01_01	a_11_01_01_01	0.200653818630573	0.28664831232939	0.7000000000000001	0.617433126295823	6.0	False
O012	ov	HLA-B	control	failed	no indels for the edit-distance step								
O012	ov	HLA-C	control	failed	no indels for the edit-distance step								
O013	ov	HLA-A	TARGET	failed	no locus produced a table								
O013	ov	HLA-B	control	failed	no locus produced a table								
O013	ov	HLA-C	control	failed	no indels for the edit-distance step								
O014	ov	HLA-A	TARGET	failed	no indels for the edit-distance step								
O014	ov	HLA-B	control	failed	no positions distinguishing the alleles								
O015	ov	HLA-A	TARGET	failed	no locus produced a table								
O015	ov	HLA-B	control	failed	no indels for the edit-distance step								
O015	ov	HLA-C	control	failed	no indels for the edit-distance step								
O016	ov	HLA-A	TARGET	failed	no locus produced a table								
O016	ov	HLA-B	control	failed	no indels for the edit-distance step								
O016	ov	HLA-C	control	failed	no locus produced a table								
O017	ov	HLA-A	TARGET	failed	no indels for the edit-distance step								
O017	ov	HLA-B	control	failed	no indels for the edit-distance step								
O017	ov	HLA-C	control	failed	no indels for the edit-distance step								
O018	ov	HLA-B	TARGET	ok		b_35_01_01_01	b_44_02_01_01					0.0	False
O018	ov	HLA-C	control	ok		c_04_01_01_01	c_05_01_01_01	1.01413850442312	0.724384646016514	0.7142857142857141		1.0	False
O019	ov	HLA-A	TARGET	failed	no positions distinguishing the alleles								
O019	ov	HLA-B	control	failed	no error recorded								
O020	ov	HLA-A	TARGET	failed	no locus produced a table								
O020	ov	HLA-B	control	ok		b_35_01_01_01	b_46_01_01_01					0.0	False
