sample	cohort	target	requested	indexed	has_normal	size_MB	A_before	A_after	A_ratio	B_before	B_after	B_ratio	C_before	C_after	C_ratio	target_alleles	target_het	het_loci
B001	brca	HLA-B	0.35	True	True	322.1	27.2	27.2	1.0	33.7	11.81	0.35	30.12	30.12	1.0	B*07:02/B*35:01	True	BC
B002	brca	HLA-A	0.35	True	True	318.4	34.87	12.66	0.363	30.8	30.8	1.0	28.62	28.62	1.0	A*30:01/A*31:01	True	AB
B003	brca	HLA-A	0.35	True	True	311.2	27.9	10.1	0.362	30.35	30.35	1.0	29.36	29.36	1.0	A*68:01/A*02:33	True	ABC
B004	brca	HLA-A	0.35	True	True	433.1	35.28	12.71	0.36	42.7	42.7	1.0	40.81	40.81	1.0	A*02:01/A*32:01	True	ABC
B005	brca	HLA-A	0.35	True	True	346.4	30.18	10.35	0.343	33.91	33.91	1.0	31.66	31.66	1.0	A*02:01/A*68:01	True	AB
B006	brca	HLA-A	0.35	True	True	339.0	30.64	10.4	0.339	32.83	32.83	1.0	30.31	30.31	1.0	A*01:01/A*68:01	True	ABC
B007	brca	HLA-A	0.35	True	True	338.7	24.57	8.53	0.347	31.59	31.59	1.0	32.13	32.13	1.0	A*02:01/A*23:01	True	ABC
B008	brca	HLA-A	0.35	True	True	314.7	26.99	9.22	0.342	31.29	31.29	1.0	28.7	28.7	1.0	A*02:01/A*11:01	True	AB
B009	brca	HLA-B	0.35	True	True	350.9	35.96	35.96	1.0	34.11	12.01	0.352	33.51	33.51	1.0	B*15:02/B*15:32	True	BC
B010	brca	HLA-C	0.35	True	True	344.3	22.56	22.56	1.0	33.07	33.07	1.0	33.77	12.3	0.364	C*02:02/C*07:04	True	C
B011	brca	HLA-A	0.35	True	True	330.2	19.55	6.59	0.337	29.89	29.89	1.0	25.32	25.32	1.0	A*23:01/A*24:02	True	ABC
B012	brca	HLA-A	0.35	True	True	301.2	27.23	9.72	0.357	30.6	30.6	1.0	29.5	29.5	1.0	A*23:01/A*33:01	True	ABC
B013	brca	HLA-A	0.35	True	True	320.6	24.95	9.0	0.361	30.85	30.85	1.0	32.0	32.0	1.0	A*02:01/A*23:01	True	AB
B014	brca	HLA-A	0.35	True	True	334.7	27.61	9.92	0.359	32.98	32.98	1.0	33.7	33.7	1.0	A*11:01/A*23:01	True	ABC
B015	brca	HLA-A	0.35	True	True	348.5	45.64	16.04	0.351	33.58	33.58	1.0	35.92	35.92	1.0	A*30:01/A*30:02	True	ABC
B016	brca	HLA-A	0.35	True	True	294.2	29.62	10.1	0.341	30.36	30.36	1.0	28.23	28.23	1.0	A*02:01/A*31:01	True	AB
B017	brca	HLA-A	0.35	True	True	327.0	38.5	13.16	0.342	31.75	31.75	1.0	30.64	30.64	1.0	A*02:01/A*30:01	True	ABC
B018	brca	HLA-C	0.35	True	True	308.8	28.9	28.9	1.0	27.72	27.72	1.0	29.4	10.81	0.368	C*07:01/C*16:01	True	C
B019	brca	HLA-A	0.35	True	True	346.0	26.46	9.24	0.349	31.29	31.29	1.0	28.66	28.66	1.0	A*02:24/A*32:01	True	ABC
B020	brca	HLA-B	0.35	True	True	341.0	33.68	33.68	1.0	34.51	11.61	0.336	32.01	32.01	1.0	B*52:01/B*81:01	True	BC
O001	ov	HLA-B	0.35	True	True	321.9	28.68	28.68	1.0	34.92	11.98	0.343	34.73	34.73	1.0	B*08:01/B*44:02	True	B
O002	ov	HLA-B	0.35	True	True	323.0	26.3	26.3	1.0	32.91	11.74	0.357	32.56	32.56	1.0	B*08:01/B*57:01	True	BC
O003	ov	HLA-A	0.35	True	True	313.1	30.02	10.23	0.341	31.46	31.46	1.0	29.64	29.64	1.0	A*30:02/A*80:01	True	AB
O004	ov	HLA-A	0.35	True	True	311.8	32.28	10.58	0.328	29.57	29.57	1.0	29.29	29.29	1.0	A*33:03/A*68:01	True	ABC
O005	ov	HLA-A	0.35	True	True	456.8	33.33	11.73	0.352	44.31	44.31	1.0	42.12	42.12	1.0	A*02:01/A*24:02	True	ABC
O006	ov	HLA-B	0.35	True	True	417.3	42.13	42.13	1.0	43.13	15.61	0.362	39.79	39.79	1.0	B*14:02/B*51:01	True	B
O007	ov	HLA-B	0.35	True	True	332.8	22.08	22.08	1.0	32.54	11.83	0.364	33.79	33.79	1.0	B*14:02/B*39:05	True	BC
O008	ov	HLA-B	0.35	True	True	351.2	30.9	30.9	1.0	36.14	12.45	0.344	35.03	35.03	1.0	B*07:02/B*38:02	True	BC
O009	ov	HLA-B	0.35	True	True	370.2	28.57	28.57	1.0	33.23	11.1	0.334	32.44	32.44	1.0	B*13:02/B*51:01	True	BC
O010	ov	HLA-A	0.35	True	True	411.9	33.74	11.66	0.346	37.73	37.73	1.0	35.05	35.05	1.0	A*11:01/A*32:01	True	ABC
O011	ov	HLA-A	0.35	True	True	353.4	31.23	10.94	0.35	37.12	37.12	1.0	32.16	32.16	1.0	A*03:02/A*23:01	True	AB
O012	ov	HLA-A	0.35	True	True	317.9	29.9	10.88	0.364	31.22	31.22	1.0	29.03	29.03	1.0	A*02:01/A*11:01	True	ABC
O013	ov	HLA-A	0.35	True	True	331.0	25.94	9.13	0.352	31.01	31.01	1.0	30.69	30.69	1.0	A*23:01/A*68:01	True	ABC
O014	ov	HLA-A	0.35	True	True	330.3	27.62	9.66	0.35	32.23	32.23	1.0	32.11	32.11	1.0	A*25:01/A*29:02	True	AB
O015	ov	HLA-A	0.35	True	True	366.8	37.65	13.45	0.357	35.59	35.59	1.0	31.49	31.49	1.0	A*33:03/A*68:01	True	ABC
O016	ov	HLA-A	0.35	True	True	325.2	31.56	10.73	0.34	32.64	32.64	1.0	31.51	31.51	1.0	A*30:01/A*33:03	True	ABC
O017	ov	HLA-A	0.35	True	True	317.4	22.68	8.3	0.366	29.29	29.29	1.0	28.45	28.45	1.0	A*23:01/A*29:02	True	ABC
O018	ov	HLA-B	0.35	True	True	340.1	26.41	26.41	1.0	28.97	10.02	0.346	29.37	29.37	1.0	B*35:01/B*44:02	True	BC
O019	ov	HLA-A	0.35	True	True	338.4	35.34	12.66	0.358	32.43	32.43	1.0	31.95	31.95	1.0	A*33:01/A*36:01	True	AB
O020	ov	HLA-A	0.35	True	True	363.1	31.15	10.82	0.347	34.93	34.93	1.0	34.32	34.32	1.0	A*02:01/A*68:08	True	AB
