sample	chrom	pos	type	gene	consequence	target_vaf	depth	support	observed_vaf	in_mhc	landed
B001	chr5	26885836	DEL	CDH9	Frame_Shift_Del	0.2	30	6	0.2	False	True
B002	chr10	8069533	DEL	GATA3	Frame_Shift_Del	0.36	16	4	0.25	False	True
B002	chr10	87958013	DEL	PTEN	Frame_Shift_Del	0.3333	32	10	0.3125	False	True
B002	chr15	63698855	DEL	HERC1	Frame_Shift_Del	0.4675	24	11	0.4583333333333333	False	True
B002	chr16	68801877	INS	CDH1	Frame_Shift_Ins	0.5915	36	19	0.5277777777777778	False	True
B002	chr17	11834688	INS	DNAH9	Frame_Shift_Ins	0.2879	32	7	0.21875	False	True
B002	chr1	26774768	DEL	ARID1A	Frame_Shift_Del	0.3942	29	8	0.27586206896551724	False	True
B002	chr1	26774995	DEL	ARID1A	Frame_Shift_Del	0.2947	30	8	0.26666666666666666	False	True
B002	chr2	165308690	DEL	SCN2A	Frame_Shift_Del	0.2752	28	6	0.21428571428571427	False	True
B002	chr2	224874130	INS	DOCK10	Frame_Shift_Ins	0.3269	34	10	0.29411764705882354	False	True
B002	chr7	82760739	DEL	PCLO	Frame_Shift_Del	0.2606	24	5	0.20833333333333334	False	True
B002	chrX	12683512	DEL	FRMPD4	Frame_Shift_Del	0.3368	27	9	0.3333333333333333	False	True
B003	chr10	53806811	INS	PCDH15	Frame_Shift_Ins	0.3098	33	9	0.2727272727272727	False	True
B003	chr11	92355013	DEL	FAT3	Frame_Shift_Del	0.3068	31	8	0.25806451612903225	False	True
B003	chr15	43521548	INS	MAP1A	Frame_Shift_Ins	0.2986	38	10	0.2631578947368421	False	True
B003	chr17	31265318	DEL	NF1	Frame_Shift_Del	0.3875	30	11	0.36666666666666664	False	True
B003	chr18	76927339	DEL	ZNF236	Frame_Shift_Del	0.5	32	14	0.4375	False	True
B003	chr19	48874229	DEL	PPP1R15A	Frame_Shift_Del	0.3839	27	10	0.37037037037037035	False	True
B003	chr19	50435166	DEL	MYBPC2	Frame_Shift_Del	0.4091	45	16	0.35555555555555557	False	True
B003	chr1	186113995	DEL	HMCN1	Frame_Shift_Del	0.1768	32	5	0.15625	False	True
B003	chr2	140501838	DEL	LRP1B	Frame_Shift_Del	0.319	21	6	0.2857142857142857	False	True
B003	chr2	71612667	DEL	DYSF	Frame_Shift_Del	0.36	38	11	0.2894736842105263	False	True
B003	chr5	16694504	INS	MYO10	Frame_Shift_Ins	0.3014	38	10	0.2631578947368421	False	True
B003	chrX	41196601	DEL	USP9X	Frame_Shift_Del	0.4172	31	12	0.3870967741935484	False	True
B003	chrX	77684364	DEL	ATRX	In_Frame_Del	0.3455	37	12	0.32432432432432434	False	True
B004	chr12	101043546	DEL	ANO4	Frame_Shift_Del	0.1512	47	7	0.14893617021276595	False	True
B004	chr12	101094263	DEL	ANO4	Frame_Shift_Del	0.1058	51	5	0.09803921568627451	False	True
B004	chr17	7674209	DEL	TP53	Frame_Shift_Del	0.4943	43	19	0.4418604651162791	False	True
B004	chr18	5443848	DEL	EPB41L3	Frame_Shift_Del	0.125	36	4	0.1111111111111111	False	True
B004	chr1	213996656	DEL	PROX1	Frame_Shift_Del	0.1293	41	5	0.12195121951219512	False	True
B004	chr2	169270926	DEL	LRP2	Frame_Shift_Del	0.1818	47	6	0.1276595744680851	False	True
B004	chr6	38860459	DEL	DNAH8	Frame_Shift_Del	0.1074	51	5	0.09803921568627451	False	True
B004	chr7	82953628	DEL	PCLO	Frame_Shift_Del	0.2188	24	5	0.20833333333333334	False	True
B006	chr11	62521855	DEL	AHNAK	Frame_Shift_Del	0.1333	23	2	0.08695652173913043	False	True
B007	chr15	86264596	DEL	AGBL1	Frame_Shift_Del	0.2979	32	9	0.28125	False	True
B007	chr16	68828197	DEL	CDH1	Frame_Shift_Del	0.2571	35	6	0.17142857142857143	False	True
B008	chrX	118671083	DEL	DOCK11	Frame_Shift_Del	0.3	35	8	0.22857142857142856	False	True
B011	chr17	10445333	DEL	MYH4	In_Frame_Del	0.1464	35	5	0.14285714285714285	False	True
B012	chr16	68738354	DEL	CDH1	Frame_Shift_Del	0.6364	31	17	0.5483870967741935	False	True
B012	chr5	56859778	DEL	MAP3K1	Frame_Shift_Del	0.4561	29	11	0.3793103448275862	False	True
B013	chr2	178576381	DEL	TTN	In_Frame_Del	0.2118	28	5	0.17857142857142858	False	True
B013	chr2	29209804	DEL	ALK	In_Frame_Del	0.2039	37	5	0.13513513513513514	False	True
B014	chr17	7674248	INS	TP53	Frame_Shift_Ins	0.3151	40	12	0.3	False	True
B014	chr1	148960759	DEL	PDE4DIP	Frame_Shift_Del	0.145	23	2	0.08695652173913043	False	True
B016	chr19	8965020	DEL	MUC16	Frame_Shift_Del	0.1182	30	2	0.06666666666666667	False	True
B016	chr6	152330134	DEL	SYNE1	Frame_Shift_Del	0.25	29	3	0.10344827586206896	False	True
B017	chr10	8073889	DEL	GATA3	Frame_Shift_Del	0.3548	30	10	0.3333333333333333	False	True
B018	chr16	68822164	INS	CDH1	Frame_Shift_Ins	0.6111	27	14	0.5185185185185185	False	True
B018	chr21	34880583	INS	RUNX1	Frame_Shift_Ins	0.4624	25	7	0.28	False	True
B018	chr21	34880697	INS	RUNX1	Frame_Shift_Ins	0.1667	32	4	0.125	False	True
B019	chr13	48381396	DEL	RB1	Frame_Shift_Del	0.2011	34	6	0.17647058823529413	False	True
B020	chr10	8069554	INS	GATA3	Frame_Shift_Ins	0.0795	35	3	0.08571428571428572	False	True
B020	chr16	30707284	INS	SRCAP	Frame_Shift_Ins	0.2188	34	7	0.20588235294117646	False	True
B020	chr6	160731147	INS	PLG	Frame_Shift_Ins	0.1159	33	2	0.06060606060606061	False	True
O002	chr22	36300866	DEL	MYH9	In_Frame_Del	0.25	31	6	0.1935483870967742	False	True
O002	chr3	151437598	DEL	IGSF10	Frame_Shift_Del	0.0855	32	2	0.0625	False	True
O004	chr17	7676003	DEL	TP53	Frame_Shift_Del	0.5072	29	14	0.4827586206896552	False	True
O004	chr1	213997529	DEL	PROX1	Frame_Shift_Del	0.1767	34	5	0.14705882352941177	False	True
O006	chr11	30011710	DEL	KCNA4	Frame_Shift_Del	0.0969	34	3	0.08823529411764706	False	True
O006	chr14	21327651	DEL	RPGRIP1	Frame_Shift_Del	0.1624	42	6	0.14285714285714285	False	True
O006	chr17	40412955	DEL	TOP2A	Frame_Shift_Del	0.8283	54	43	0.7962962962962963	False	True
O008	chr17	7675192	DEL	TP53	Frame_Shift_Del	0.3731	40	14	0.35	False	True
O011	chr11	62528395	DEL	AHNAK	In_Frame_Del	0.1131	29	2	0.06896551724137931	False	True
O011	chr19	8973882	DEL	MUC16	Frame_Shift_Del	0.5	31	11	0.3548387096774194	False	True
O012	chr13	32338571	DEL	BRCA2	Frame_Shift_Del	0.6042	33	18	0.5454545454545454	False	True
O013	chr1	197133497	DEL	ASPM	Frame_Shift_Del	0.12	24	3	0.125	False	True
O014	chr17	7674281	INS	TP53	Frame_Shift_Ins	0.5691	27	13	0.48148148148148145	False	True
O015	chr12	124912597	DEL	UBC	Frame_Shift_Del	0.1156	46	4	0.08695652173913043	False	True
O015	chr12	124913415	DEL	UBC	Frame_Shift_Del	0.125	45	3	0.06666666666666667	False	True
O015	chr8	142912629	INS	CYP11B2	Frame_Shift_Ins	0.1067	50	5	0.1	False	True
O016	chr16	18834944	DEL	SMG1	In_Frame_Del	0.5309	50	23	0.46	False	True
O017	chr17	7670712	DEL	TP53	Frame_Shift_Del	0.5915	33	17	0.5151515151515151	False	True
O017	chr1	148965622	DEL	PDE4DIP	In_Frame_Del	0.1155	28	4	0.14285714285714285	False	True
O017	chr7	111790546	DEL	DOCK4	Frame_Shift_Del	0.2885	26	7	0.2692307692307692	False	True
O018	chr17	7676001	INS	TP53	Frame_Shift_Ins	0.7052	32	21	0.65625	False	True
